<langset>
<key name="enable">on</key>
<key name="base">greek</key>
<key name="keycode">#0391</key>
<key name="name">Greek Polytonic</key>
<key name="upper">#0391 #0392 #0393 #0394 #0395 #0396 #0397 #0398 #0399 #039A #039B #039C #039D #039E #039F #03A0 #03A1 #03A3 #03A4 #03A5 #03A6 #03A7 #03A8 #03A9 #1F08 #1F09 #1F0A #1F0B #1F0C #1F0D #1F0E #1F0F #1F18 #1F19 #1F1A #1F1B #1F1C #1F1D #1F28 #1F29 #1F2A #1F2B #1F2C #1F2D #1F2E #1F2F #1F38 #1F39 #1F3A #1F3B #1F3C #1F3D #1F3E #1F3F #1F48 #1F49 #1F4A #1F4B #1F4C #1F4D #1F59 #1F5B #1F5D #1F5F #1F68 #1F69 #1F6A #1F6B #1F6C #1F6D #1F6E #1F6F #1FB8 #1FB9 #1FBA #1FBB #1FC8 #1FC9 #1FCA #1FCB #1FD8 #1FD9 #1FDA #1FDB #1FE8 #1FE9 #1FEA #1FEB #1FEC #1FF8 #1FF9 #1FFA #1FFB</key>
<key name="lower">#03B1 #03B2 #03B3 #03B4 #03B5 #03B6 #03B7 #03B8 #03B9 #03BA #03BB #03BC #03BD #03BE #03BF #03C0 #03C1 #03C2 #03C3 #03C4 #03C5 #03C6 #03C7 #03C8 #1F00 #1F01 #1F02 #1F03 #1F04 #1F05 #1F06 #1F07 #1F10 #1F11 #1F12 #1F13 #1F14 #1F15 #1F20 #1F21 #1F22 #1F23 #1F24 #1F25 #1F26 #1F27 #1F30 #1F31 #1F32 #1F33 #1F34 #1F35 #1F36 #1F37 #1F40 #1F41 #1F42 #1F43 #1F44 #1F45 #1F50 #1F51 #1F52 #1F53 #1F54 #1F55 #1F56 #1F57 #1F60 #1F61 #1F62 #1F63 #1F64 #1F65 #1F66 #1F67 #1F70 #1F71 #1F72 #1F73 #1F74 #1F75 #1F76 #1F77 #1F78 #1F79 #1F7A #1F7B #1F7C #1F7D #1F80 #1F81 #1F82 #1F83 #1F84 #1F85 #1F86 #1F87 #1F90 #1F91 #1F92 #1F93 #1F94 #1F95 #1F96 #1F97 #1FA0 #1FA1 #1FA2 #1FA3 #1FA4 #1FA5 #1FA6 #1FA7 #1FB0 #1FB1 #1FB2 #1FB3 #1FB4 #1FB6 #1FB7 #1FC2 #1FC3 #1FC4 #1FC6 #1FC7 #1FD0 #1FD1 #1FD2 #1FD3 #1FD6 #1FD7 #1FE0 #1FE1 #1FE2 #1FE3 #1FE4 #1FE5 #1FE6 #1FE7 #1FF2 #1FF3 #1FF4 #1FF6 #1FF7</key>
<key name="other">#1F88 #1F89 #1F8A #1F8B #1F8C #1F8D #1F8E #1F8F #1F98 #1F99 #1F9A #1F9B #1F9C #1F9D #1F9E #1F9F #1FA8 #1FA9 #1FAA #1FAB #1FAC #1FAD #1FAE #1FAF #1FBC #1FCC #1FFC #037E #0374 #0375</key>
<key name="digits"></key>
<key name="punct"></key>
<key name="patternUpper">#0397 #0397</key>
<key name="patternLower">#03B7 #03B7</key>
<key name="patternOther">#0397 #0397</key>
<key name="patternDigits">#0030 #0030</key>
<key name="patternPunct">#0397 #0397</key></langset>