<langset>
<key name="enable">on</key>
<key name="base">latin</key>
<key name="keycode">#0061</key>
<key name="name">Esperanto</key>
<key name="upper">#0041 #0042 #0043 #0044 #0045 #0046 #0047 #0048 #0049 #004A #004B #004C #004D #004E #004F #0050 #0052 #0053 #0054 #0055 #0056 #005A #0108 #011C #0124 #0134 #015C #016C</key>
<key name="lower">#0061 #0062 #0063 #0064 #0065 #0066 #0067 #0068 #0069 #006A #006B #006C #006D #006E #006F #0070 #0072 #0073 #0074 #0075 #0076 #007A #0109 #011D #0125 #0135 #015D #016D</key>
<key name="other">#0021 #0028 #0029 #002B #002C #002D #002E #003A #003B #003D #003F #2013 #201C #201D</key>
<key name="digits">#0030 #0031 #0032 #0033 #0034 #0035 #0036 #0037 #0038 #0039</key>
<key name="punct"></key>
<key name="patternUpper">#0048 #0048</key>
<key name="patternLower">#006E #006E</key>
<key name="patternOther">#0048 #0048</key>
<key name="patternDigits">#0030 #0030</key>
<key name="patternPunct">#0048 #0048</key></langset>